"Source:","F:\Github\Adafruit-PowerBoost-1000C\KiCAD\Adafruit-PowerBoost-1000C\Adafruit-PowerBoost-1000C.kicad_sch"
"Date:","19/06/2021 10:36:23"
"Tool:","Eeschema (5.99.0-10766-geeb405c196)"
"Generator:","C:\Program Files\KiCad_V5.99\bin\scripting\plugins/bom_csv_grouped_by_value.py"
"Component Count:","37"

"Individual Components:"

"Item","Qty","Reference(s)","Value","LibPart","Footprint","Datasheet","manf#"
"","","BT1","JST-2-PH","Device:Battery_Cell","Adafruit-PowerBoost-1000C:JST_PH_S2B-PH-K_1x02_P2.00mm_Horizontal","~","S2B-PH-K-S(LF)(SN)"
"","","C1","10uF","Device:C","Adafruit-PowerBoost-1000C:C_0805_2012Metric","~","CC0805KFX7R6BB106"
"","","C2","10uF","Device:C","Adafruit-PowerBoost-1000C:C_0805_2012Metric","~","CC0805KFX7R6BB106"
"","","C3","10uF","Device:C","Adafruit-PowerBoost-1000C:C_0805_2012Metric","~","CC0805KFX7R6BB106"
"","","C4","0.1uF","Device:C","Adafruit-PowerBoost-1000C:C_0805_2012Metric","~","CC0805MRX7R8BB104"
"","","C5","2.2uF","Device:C","Adafruit-PowerBoost-1000C:C_0805_2012Metric","~","CC0805MKX7R6BB225"
"","","C6","100uF","Device:C_Polarized","Adafruit-PowerBoost-1000C:C_1210_3225Metric","~","LMK325ABJ107MM-T"
"","","D1","RED","Device:LED","Adafruit-PowerBoost-1000C:LED_0805_2012Metric","~","150080SS75000"
"","","D2","GREEN","Device:LED","Adafruit-PowerBoost-1000C:LED_0805_2012Metric","~","150080VS75000"
"","","D3","RED","Device:LED","Adafruit-PowerBoost-1000C:LED_0805_2012Metric","~","150080SS75000"
"","","D4","GREEN","Device:LED","Adafruit-PowerBoost-1000C:LED_0805_2012Metric","~","150080VS75000"
"","","J1","USB_B_Micro","Adafruit-PowerBoost-1000C-rescue:USB_B_Micro-Connector","Adafruit-PowerBoost-1000C:USB_Micro-B_Wuerth_629105150521","~","629105150521"
"","","J2","Conn_01x08_Male","Adafruit-PowerBoost-1000C-rescue:Conn_01x08_Male-Connector","Adafruit-PowerBoost-1000C:PinHeader_1x08_P2.54mm_Vertical","~","61300811121"
"","","J3","Conn_01x02_Female","Connector:Conn_01x02_Female","Adafruit-PowerBoost-1000C:JST_PH_S2B-PH-K_1x02_P2.00mm_Horizontal","~","S2B-PH-K-S(LF)(SN)"
"","","J4","USB_A","Adafruit-PowerBoost-1000C-rescue:USB_A-Connector","Adafruit-PowerBoost-1000C:USB_A_CONNFLY_DS1095-WNR0"," ~","DS1095-WNR0"
"","","L1","6.8uH","Asset-cache:L","Adafruit-PowerBoost-1000C:IND_VLC5045","","VLC5045T-6R8M"
"","","Q1","MMUN2133LT1G","Adafruit-PowerBoost-1000C:MMUN2133LT1G","Adafruit-PowerBoost-1000C:SOT-23","","MMUN2133LT1G"
"","","R1","1K","Asset-cache:R","Adafruit-PowerBoost-1000C:R_0805_2012Metric","","AC0805FR-071KL"
"","","R2","1K","Asset-cache:R","Adafruit-PowerBoost-1000C:R_0805_2012Metric","","AC0805FR-071KL"
"","","R3","270K","Asset-cache:R","Adafruit-PowerBoost-1000C:R_0805_2012Metric","","AC0805FR-07270KL"
"","","R4","100K","Asset-cache:R","Adafruit-PowerBoost-1000C:R_0805_2012Metric","","AC0805FR-07100KL"
"","","R5","1K","Asset-cache:R","Adafruit-PowerBoost-1000C:R_0805_2012Metric","","AC0805FR-071KL"
"","","R6","100K","Asset-cache:R","Adafruit-PowerBoost-1000C:R_0805_2012Metric","","AC0805FR-07100KL"
"","","R7","15K","Asset-cache:R","Adafruit-PowerBoost-1000C:R_0805_2012Metric","","AC0805FR-0715KL"
"","","R8","1.87M","Asset-cache:R","Adafruit-PowerBoost-1000C:R_0805_2012Metric","","RMCF0805FT1M87"
"","","R9","340K","Asset-cache:R","Adafruit-PowerBoost-1000C:R_0805_2012Metric","","ERJ-6ENF3403V"
"","","R10","200K","Asset-cache:R","Adafruit-PowerBoost-1000C:R_0805_2012Metric","","AC0805FR-07200KL"
"","","R11","1.87M","Asset-cache:R","Adafruit-PowerBoost-1000C:R_0805_2012Metric","","RMCF0805FT1M87"
"","","R12","200K","Asset-cache:R","Adafruit-PowerBoost-1000C:R_0805_2012Metric","","AC0805FR-07200KL"
"","","R13","1K","Asset-cache:R","Adafruit-PowerBoost-1000C:R_0805_2012Metric","","AC0805FR-071KL"
"","","R14","1K","Asset-cache:R","Adafruit-PowerBoost-1000C:R_0805_2012Metric","","AC0805FR-071KL"
"","","R15","43K","Device:R","Adafruit-PowerBoost-1000C:R_0805_2012Metric","~","AC0805FR-0743KL"
"","","R16","43K","Device:R","Adafruit-PowerBoost-1000C:R_0805_2012Metric","~","AC0805FR-0743KL"
"","","R17","43K","Device:R","Adafruit-PowerBoost-1000C:R_0805_2012Metric","~","AC0805FR-0743KL"
"","","R18","43K","Device:R","Adafruit-PowerBoost-1000C:R_0805_2012Metric","~","AC0805FR-0743KL"
"","","U1","MCP73871","Adafruit-PowerBoost-1000C:MCP73871","Adafruit-PowerBoost-1000C:QFN-20-1EP_4x4mm_P0.5mm_EP2.5x2.5mm","http://www.mouser.com/ds/2/268/22090a-52174.pdf","MCP73871T-2CCI/ML"
"","","U2","TPS61090","Adafruit-PowerBoost-1000C-rescue:TPS61090-Regulator_Switching","Adafruit-PowerBoost-1000C:Texas_S-PVQFN-N16_EP2.7x2.7mm_ThermalVias","http://www.ti.com/lit/ds/symlink/tps61090.pdf","TPS61090RSAR"



"Collated Components:"

"Item","Qty","Reference(s)","Value","LibPart","Footprint","Datasheet","manf#"
"1","1","BT1","JST-2-PH","Device:Battery_Cell","Adafruit-PowerBoost-1000C:JST_PH_S2B-PH-K_1x02_P2.00mm_Horizontal","~","S2B-PH-K-S(LF)(SN)"
"2","3","C1, C2, C3","10uF","Device:C","Adafruit-PowerBoost-1000C:C_0805_2012Metric","~","CC0805KFX7R6BB106"
"3","1","C4","0.1uF","Device:C","Adafruit-PowerBoost-1000C:C_0805_2012Metric","~","CC0805MRX7R8BB104"
"4","1","C5","2.2uF","Device:C","Adafruit-PowerBoost-1000C:C_0805_2012Metric","~","CC0805MKX7R6BB225"
"5","1","C6","100uF","Device:C_Polarized","Adafruit-PowerBoost-1000C:C_1210_3225Metric","~","LMK325ABJ107MM-T"
"6","2","D1, D3","RED","Device:LED","Adafruit-PowerBoost-1000C:LED_0805_2012Metric","~","150080SS75000"
"7","2","D2, D4","GREEN","Device:LED","Adafruit-PowerBoost-1000C:LED_0805_2012Metric","~","150080VS75000"
"8","1","J1","USB_B_Micro","Adafruit-PowerBoost-1000C-rescue:USB_B_Micro-Connector","Adafruit-PowerBoost-1000C:USB_Micro-B_Wuerth_629105150521","~","629105150521"
"9","1","J2","Conn_01x08_Male","Adafruit-PowerBoost-1000C-rescue:Conn_01x08_Male-Connector","Adafruit-PowerBoost-1000C:PinHeader_1x08_P2.54mm_Vertical","~","61300811121"
"10","1","J3","Conn_01x02_Female","Connector:Conn_01x02_Female","Adafruit-PowerBoost-1000C:JST_PH_S2B-PH-K_1x02_P2.00mm_Horizontal","~","S2B-PH-K-S(LF)(SN)"
"11","1","J4","USB_A","Adafruit-PowerBoost-1000C-rescue:USB_A-Connector","Adafruit-PowerBoost-1000C:USB_A_CONNFLY_DS1095-WNR0"," ~","DS1095-WNR0"
"12","1","L1","6.8uH","Asset-cache:L","Adafruit-PowerBoost-1000C:IND_VLC5045","","VLC5045T-6R8M"
"13","1","Q1","MMUN2133LT1G","Adafruit-PowerBoost-1000C:MMUN2133LT1G","Adafruit-PowerBoost-1000C:SOT-23","","MMUN2133LT1G"
"14","5","R1, R2, R5, R13, R14","1K","Asset-cache:R","Adafruit-PowerBoost-1000C:R_0805_2012Metric","","AC0805FR-071KL"
"15","1","R3","270K","Asset-cache:R","Adafruit-PowerBoost-1000C:R_0805_2012Metric","","AC0805FR-07270KL"
"16","2","R4, R6","100K","Asset-cache:R","Adafruit-PowerBoost-1000C:R_0805_2012Metric","","AC0805FR-07100KL"
"17","1","R7","15K","Asset-cache:R","Adafruit-PowerBoost-1000C:R_0805_2012Metric","","AC0805FR-0715KL"
"18","2","R8, R11","1.87M","Asset-cache:R","Adafruit-PowerBoost-1000C:R_0805_2012Metric","","RMCF0805FT1M87"
"19","1","R9","340K","Asset-cache:R","Adafruit-PowerBoost-1000C:R_0805_2012Metric","","ERJ-6ENF3403V"
"20","2","R10, R12","200K","Asset-cache:R","Adafruit-PowerBoost-1000C:R_0805_2012Metric","","AC0805FR-07200KL"
"21","4","R15, R16, R17, R18","43K","Device:R","Adafruit-PowerBoost-1000C:R_0805_2012Metric","~","AC0805FR-0743KL"
"22","1","U1","MCP73871","Adafruit-PowerBoost-1000C:MCP73871","Adafruit-PowerBoost-1000C:QFN-20-1EP_4x4mm_P0.5mm_EP2.5x2.5mm","http://www.mouser.com/ds/2/268/22090a-52174.pdf","MCP73871T-2CCI/ML"
"23","1","U2","TPS61090","Adafruit-PowerBoost-1000C-rescue:TPS61090-Regulator_Switching","Adafruit-PowerBoost-1000C:Texas_S-PVQFN-N16_EP2.7x2.7mm_ThermalVias","http://www.ti.com/lit/ds/symlink/tps61090.pdf","TPS61090RSAR"
